from,to,fastKm,fastMinutes,freeKm,freeMinutes,tollRub,verifiedAt,source,accuracyPercent
anapa,voronezh,990,662,1030,873,4090,2026-09-23,Яндекс Карты,0
krasnodar,moscow,1352,961,1465,1219,5040,2026-09-28,Яндекс Карты,0
sochi,moscow,1625,1327,1738,1611,4670,2026-09-28,Яндекс Карты,0
sochi,saint-petersburg,2310,2050,2468,2229,9620,2026-09-23,Контрольная база,3
krasnodar,sochi,291,346,291,346,0,2026-09-28,Яндекс Карты,0
krasnodar,anapa,167,142,174,173,620,2026-09-28,Яндекс Карты,0
krasnodar,gelendzhik,193,177,193,176,0,2026-09-28,Яндекс Карты,0
krasnodar,novorossiysk,150,160,150,160,415,2026-09-28,Яндекс Карты,0
krasnodar,rostov,274,204,304,274,850,2026-09-28,Яндекс Карты,0
krasnodar,stavropol,299,266,299,266,0,2026-09-28,Яндекс Карты,0
krasnodar,maykop,135,119,135,119,0,2026-09-28,Яндекс Карты,0
krasnodar,goryachiy-klyuch,61,64,61,66,0,2026-09-28,Яндекс Карты,0
krasnodar,simferopol,431,310,443,369,800,2026-09-28,Яндекс Карты,0
krasnodar,yalta,499,392,515,445,800,2026-09-28,Яндекс Карты,0
krasnodar,sevastopol,531,391,531,448,800,2026-09-28,Яндекс Карты,0
krasnodar,kerch,243,182,254,234,800,2026-09-28,Яндекс Карты,0
anapa,moscow,1497,1040,1561,1295,5700,2026-09-28,Яндекс Карты,0
gelendzhik,moscow,1513,1088,1593,1349,4670,2026-09-28,Яндекс Карты,0
novorossiysk,moscow,1513,1072,1561,1285,5865,2026-09-28,Яндекс Карты,0
rostov,moscow,1078,743,1127,981,3810,2026-09-28,Яндекс Карты,0
moscow,saint-petersburg,708,444,708,652,4760,2026-09-28,Яндекс Карты,0
moscow,voronezh,515,396,531,485,1830,2026-09-28,Яндекс Карты,0
